Name,Description
SmoothSilhouette,SmoothSilhouette offers anti-aging skincare that smoothes and refines your skin contour.
LushLocks,LushLocks is a haircare brand that promotes thick and luscious hair using botanical extracts.
ClearCanvas,ClearCanvas offers skincare solutions aimed at clearing blemishes for a perfect canvas.
HerbalShine,"HerbalShine brings the power of herbs to haircare, revitalizing your hair with natural shine."
ZestGlow,"ZestGlow infuses zest into skincare, energizing your skin with vibrant results."
TwirlTresses,TwirlTresses transforms dull hair into dynamic styles with its innovative haircare range.
HerbEssence,HerbEssence distills the essence of nature into powerful skincare treatments.
GlowSkin,GlowSkin is a revolutionary skincare brand that uses natural ingredients to enhance the natural glow of your skin.
DynamicDepth,DynamicDepth dives into advanced skincare technologies for profound skin impact.
GentleGrace,"GentleGrace emphasizes gentle formulas for sensitive skin, ensuring grace and care."
